<?xml version="1.0" encoding="UTF-8"?>
<GenRun Id="synth_1" LaunchPart="xc7a100tcsg324-1" LaunchTime="1538805424">
  <File Type="PA-TCL" Name="tutorial.tcl"/>
  <File Type="REPORTS-TCL" Name="tutorial_reports.tcl"/>
  <File Type="RDS-RDS" Name="tutorial.vds"/>
  <File Type="RDS-UTIL" Name="tutorial_utilization_synth.rpt"/>
  <File Type="RDS-UTIL-PB" Name="tutorial_utilization_synth.pb"/>
  <File Type="RDS-DCP" Name="tutorial.dcp"/>
  <FileSet Name="sources" Type="DesignSrcs" RelSrcDir="$PSRCDIR/sources_1">
    <Filter Type="Srcs"/>
    <File Path="$PSRCDIR/sources_1/imports/tutorial/tutorial.v">
      <FileInfo>
        <Attr Name="ImportPath" Val="$PPRDIR/../../../../郭雨轩个人/大学学习/大二秋/数电实验/实验资料/lab0/lab0/tutorial/tutorial.v"/>
        <Attr Name="ImportTime" Val="1355868252"/>
        <Attr Name="UsedIn" Val="synthesis"/>
        <Attr Name="UsedIn" Val="implementation"/>
        <Attr Name="UsedIn" Val="simulation"/>
      </FileInfo>
    </File>
    <Config>
      <Option Name="DesignMode" Val="RTL"/>
      <Option Name="TopModule" Val="tutorial"/>
      <Option Name="TopAutoSet" Val="TRUE"/>
    </Config>
  </FileSet>
  <FileSet Name="constrs_in" Type="Constrs" RelSrcDir="$PSRCDIR/constrs_1">
    <Filter Type="Constrs"/>
    <File Path="$PSRCDIR/constrs_1/imports/tutorial/Nexys4DDR_Master.xdc">
      <FileInfo>
        <Attr Name="ImportPath" Val="$PPRDIR/../../../../郭雨轩个人/大学学习/大二秋/数电实验/实验资料/lab0/lab0/tutorial/Nexys4DDR_Master.xdc"/>
        <Attr Name="ImportTime" Val="1439237760"/>
        <Attr Name="UsedIn" Val="synthesis"/>
        <Attr Name="UsedIn" Val="implementation"/>
      </FileInfo>
    </File>
    <Config>
      <Option Name="ConstrsType" Val="XDC"/>
    </Config>
  </FileSet>
  <Strategy Version="1" Minor="2">
    <StratHandle Name="Vivado Synthesis Defaults" Flow="Vivado Synthesis 2018"/>
    <Step Id="synth_design"/>
  </Strategy>
</GenRun>
