<?xml version="1.0" encoding="UTF-8"?>
<GenRun Id="impl_1" LaunchPart="xc7a100tcsg324-1" LaunchTime="1538805667">
  <File Type="ROUTE-BUS-SKEW" Name="tutorial_bus_skew_routed.rpt"/>
  <File Type="PA-DCP" Name="tutorial.dcp"/>
  <File Type="OPT-HWDEF" Name="tutorial.hwdef"/>
  <File Type="ROUTE-PWR" Name="tutorial_power_routed.rpt"/>
  <File Type="PA-TCL" Name="tutorial.tcl"/>
  <File Type="BITSTR-BMM" Name="tutorial_bd.bmm"/>
  <File Type="OPT-DCP" Name="tutorial_opt.dcp"/>
  <File Type="REPORTS-TCL" Name="tutorial_reports.tcl"/>
  <File Type="ROUTE-PWR-SUM" Name="tutorial_power_summary_routed.pb"/>
  <File Type="OPT-DRC" Name="tutorial_drc_opted.rpt"/>
  <File Type="PWROPT-DCP" Name="tutorial_pwropt.dcp"/>
  <File Type="PLACE-DCP" Name="tutorial_placed.dcp"/>
  <File Type="PLACE-IO" Name="tutorial_io_placed.rpt"/>
  <File Type="PLACE-UTIL" Name="tutorial_utilization_placed.rpt"/>
  <File Type="PLACE-UTIL-PB" Name="tutorial_utilization_placed.pb"/>
  <File Type="PLACE-CTRL" Name="tutorial_control_sets_placed.rpt"/>
  <File Type="PLACE-PRE-SIMILARITY" Name="tutorial_incremental_reuse_pre_placed.rpt"/>
  <File Type="POSTPLACE-PWROPT-DCP" Name="tutorial_postplace_pwropt.dcp"/>
  <File Type="BG-BIN" Name="tutorial.bin"/>
  <File Type="PHYSOPT-DCP" Name="tutorial_physopt.dcp"/>
  <File Type="BITSTR-MSK" Name="tutorial.msk"/>
  <File Type="ROUTE-ERROR-DCP" Name="tutorial_routed_error.dcp"/>
  <File Type="ROUTE-DCP" Name="tutorial_routed.dcp"/>
  <File Type="ROUTE-BLACKBOX-DCP" Name="tutorial_routed_bb.dcp"/>
  <File Type="ROUTE-DRC" Name="tutorial_drc_routed.rpt"/>
  <File Type="ROUTE-DRC-PB" Name="tutorial_drc_routed.pb"/>
  <File Type="ROUTE-DRC-RPX" Name="tutorial_drc_routed.rpx"/>
  <File Type="BITSTR-LTX" Name="tutorial.ltx"/>
  <File Type="ROUTE-METHODOLOGY-DRC" Name="tutorial_methodology_drc_routed.rpt"/>
  <File Type="BITSTR-MMI" Name="tutorial.mmi"/>
  <File Type="ROUTE-METHODOLOGY-DRC-RPX" Name="tutorial_methodology_drc_routed.rpx"/>
  <File Type="ROUTE-METHODOLOGY-DRC-PB" Name="tutorial_methodology_drc_routed.pb"/>
  <File Type="BITSTR-SYSDEF" Name="tutorial.sysdef"/>
  <File Type="ROUTE-PWR-RPX" Name="tutorial_power_routed.rpx"/>
  <File Type="ROUTE-STATUS" Name="tutorial_route_status.rpt"/>
  <File Type="ROUTE-STATUS-PB" Name="tutorial_route_status.pb"/>
  <File Type="ROUTE-TIMINGSUMMARY" Name="tutorial_timing_summary_routed.rpt"/>
  <File Type="ROUTE-TIMING-PB" Name="tutorial_timing_summary_routed.pb"/>
  <File Type="ROUTE-TIMING-RPX" Name="tutorial_timing_summary_routed.rpx"/>
  <File Type="ROUTE-CLK" Name="tutorial_clock_utilization_routed.rpt"/>
  <File Type="ROUTE-BUS-SKEW-PB" Name="tutorial_bus_skew_routed.pb"/>
  <File Type="ROUTE-BUS-SKEW-RPX" Name="tutorial_bus_skew_routed.rpx"/>
  <File Type="POSTROUTE-PHYSOPT-DCP" Name="tutorial_postroute_physopt.dcp"/>
  <File Type="POSTROUTE-PHYSOPT-BLACKBOX-DCP" Name="tutorial_postroute_physopt_bb.dcp"/>
  <File Type="BG-BIT" Name="tutorial.bit"/>
  <File Type="BITSTR-RBT" Name="tutorial.rbt"/>
  <File Type="BITSTR-NKY" Name="tutorial.nky"/>
  <File Type="BG-BGN" Name="tutorial.bgn"/>
  <File Type="BG-DRC" Name="tutorial.drc"/>
  <File Type="RDI-RDI" Name="tutorial.vdi"/>
  <File Type="WBT-USG" Name="usage_statistics_webtalk.html"/>
  <FileSet Name="sources" Type="DesignSrcs" RelSrcDir="$PSRCDIR/sources_1">
    <Filter Type="Srcs"/>
    <File Path="$PSRCDIR/sources_1/imports/tutorial/tutorial.v">
      <FileInfo>
        <Attr Name="ImportPath" Val="$PPRDIR/../../../../郭雨轩个人/大学学习/大二秋/数电实验/实验资料/lab0/lab0/tutorial/tutorial.v"/>
        <Attr Name="ImportTime" Val="1355868252"/>
        <Attr Name="UsedIn" Val="synthesis"/>
        <Attr Name="UsedIn" Val="implementation"/>
        <Attr Name="UsedIn" Val="simulation"/>
      </FileInfo>
    </File>
    <Config>
      <Option Name="DesignMode" Val="RTL"/>
      <Option Name="TopModule" Val="tutorial"/>
      <Option Name="TopAutoSet" Val="TRUE"/>
    </Config>
  </FileSet>
  <FileSet Name="constrs_in" Type="Constrs" RelSrcDir="$PSRCDIR/constrs_1">
    <Filter Type="Constrs"/>
    <File Path="$PSRCDIR/constrs_1/imports/tutorial/Nexys4DDR_Master.xdc">
      <FileInfo>
        <Attr Name="ImportPath" Val="$PPRDIR/../../../../郭雨轩个人/大学学习/大二秋/数电实验/实验资料/lab0/lab0/tutorial/Nexys4DDR_Master.xdc"/>
        <Attr Name="ImportTime" Val="1439237760"/>
        <Attr Name="UsedIn" Val="synthesis"/>
        <Attr Name="UsedIn" Val="implementation"/>
      </FileInfo>
    </File>
    <Config>
      <Option Name="ConstrsType" Val="XDC"/>
    </Config>
  </FileSet>
  <Strategy Version="1" Minor="2">
    <StratHandle Name="Vivado Implementation Defaults" Flow="Vivado Implementation 2018"/>
    <Step Id="init_design"/>
    <Step Id="opt_design"/>
    <Step Id="power_opt_design"/>
    <Step Id="place_design"/>
    <Step Id="post_place_power_opt_design"/>
    <Step Id="phys_opt_design"/>
    <Step Id="route_design"/>
    <Step Id="post_route_phys_opt_design"/>
    <Step Id="write_bitstream"/>
  </Strategy>
</GenRun>
